word,to_drop,vulgar_gen,violence,insult_gen,insult_polit,insult_sport,disgust,hate_feelings,homophobia,ethrel_discr,sexism,bodyshame,disability
104,,,,1,,,,,,,,,1
abbaiatore,1,,,,,,,,,,,,
abbaiator*,1,,,,,,,,,,,,
abbaiatric*,1,,,,,,,,,,,,
abbrutire,1,,,,,,,,,,,,
abbrut*,,,,1,,,,,,,,,
abiett*,,,,1,,,,,,,,,
abbiett*,,,,1,,,,,,,,,
abiezione,1,,,,,,,,,,,,
abbiezione,1,,,,,,,,,,,,
abominio,1,,,,,,,,,,,,
abomin*,,,,1,,,,,,,,,
abusivo,,,,1,,,,,,,,,
abusiva,,,,1,,,,,,,,,
abusivi,,,,1,,,,,,,,,
abusive,,,,1,,,,,,,,,
accattabrighe,,,,1,,,,,,,,,
accattatozzi,,,,1,,,,,,,,,
accattone,1,,,,,,,,,,,,
accatton*,,,,1,,,,,,,,,
accidioso,1,,,,,,,,,,,,
accozzaglia,1,,,,,,,,,,,,
accozzagli*,,,,1,,,,,,,,,
acrimonioso,1,,,,,,,,,,,,
adultera,,,,1,,,,,,,,,
adultero,,,,1,,,,,,,,,
adultere,,,,1,,,,,,,,,
adulteri,,,,1,,,,,,,,,
affanculo,,1,,1,,,,,,,,,
africa*,,,,,,,,,,1,,,
aggiratore,1,,,,,,,,,,,,
aggiratrice,1,,,,,,,,,,,,
aguzzino,1,,,,,,,,,,,,
aguzzin*,1,,,,,,,,,,,,
alcolizzato,1,,,,,,,,,,,,
alcolizzat*,,,,,,,,,,,,,1
allocco,1,,,,,,,,,,,,
allocc*,,,,1,,,,,,,,,
altezzosità,1,,,,,,,,,,,,
altezzoso,1,,,,,,,,,,,,
altre razze,1,,,,,,,,,,,,
ammazz*,,,1,,,,,,,,,,
ammorbamento,1,,,,,,,,,,,,
ammorbante,1,,,,,,,,,,,,
ammorbant*,,,,1,,,,,,,,,
amorale,1,,,,,,,,,,,,
anale,,1,,,,,,,,,,,
anali,,1,,,,,,,,,,,
analfabeta,1,,,,,,,,,,,,
analfabeti,1,,,,,,,,,,,,
analfabetismo,1,,,,,,,,,,,,
analfabet*,,,,,,,,,,,,,1
andicappato,1,,,,,,,,,,,,
andicappat*,,,,,,,,,,,,,1
ano,,1,,,,,,,,,,,
antipatia,1,,,,,,,,,,,,
arpia,,,,1,,,,,,,,,
arrivist*,,,,1,,,,,,,,,
arrogante,1,,,,,,,,,,,,
arroganza,1,,,,,,,,,,,,
arrogant*,,,,1,,,,,,,,,
arruffamatasse,,,,1,,,,,,,,,
arruffapopoli,,,,1,,,,,,,,,
arruffone,1,,,,,,,,,,,,
arruffon*,,,,1,,,,,,,,,
arteriosclerotico,1,,,,,,,,,,,,
arteriosclerotic*,,,,,,,,,,,,,1
asinata,1,,,,,,,,,,,,
asineria,1,,,,,,,,,,,,
asinescamente,1,,,,,,,,,,,,
asinesco,1,,,,,,,,,,,,
asini,1,,,,,,,,,,,,
asinità ,1,,,,,,,,,,,,
asino,1,,,,,,,,,,,,
asin*,,,,1,,,,,,,,,
assassina,1,,,,,,,,,,,,
assassinare,1,,,,,,,,,,,,
assassinatore,1,,,,,,,,,,,,
assassini,1,,,,,,,,,,,,
assassinii,1,,,,,,,,,,,,
assassinio,1,,,,,,,,,,,,
assassino,1,,,,,,,,,,,,
assassin*,,,1,,,,,,,,,,
assurdità ,1,,,,,,,,,,,,
astioso,1,,,,,,,,,,,,
attricetta,,,,,,,,,,,1,,
avanzi d'ogni genere,1,,,,,,,,,,,,
avara,1,,,,,,,,,,,,
avarizia,1,,,,,,,,,,,,
avaro,1,,,,,,,,,,,,
avar*,1,,,,,,,,,,,,
aves,1,,,,,,,,,,,,
avidità ,1,,,,,,,,,,,,
avido,1,,,,,,,,,,,,
avid*,1,,,,,,,,,,,,
avvoltoi,,,,1,,,,,,,,,
avvoltoio,,,,1,,,,,,,,,
babbe*,,,,1,,,,,,,,,
babbuin*,,,,,,,,,,1,,,
baccalà ,1,,,,,,,,,,,,
bacchettonaggine,1,,,,,,,,,,,,
bacchettone,1,,,,,,,,,,,,
bacchettoneria,1,,,,,,,,,,,,
bacchetton*,,,,1,,,,,,,,,
bacherozz*,,,,1,,,,,,,,,
baciapile,,,,1,,,,,,,,,
bagasc*,,,,,,,,,,,1,,
bagass*,,,,,,,,,,,1,,
baggianata,1,,,,,,,,,,,,
baggianat*,1,,,,,,,,,,,,
baldracc*,,,,,,,,,,,1,,
balena,,,,,,,,,,,,1,
balene,,,,,,,,,,,,1,
balenotter*,,,,,,,,,,,,1,
balle,1,,,,,,,,,,,,
balla,1,,,,,,,,,,,,
ballista,,,,1,,,,,,,,,
balordaggine,1,,,,,,,,,,,,
balordamente,1,,,,,,,,,,,,
balordo,1,,,,,,,,,,,,
balord*,,,,1,,,,,,,,,
baluba,,,,1,,,,,,,,,
bambocciata,1,,,,,,,,,,,,
bamboccio,1,,,,,,,,,,,,
bambocc*,,,,1,,,,,,,,,
bambola_gonfiabile,,,,,,,,,,,1,,
bambole_gonfiabili,,,,,,,,,,,1,,
banalità ,1,,,,,,,,,,,,
banditi,1,,,,,,,,,,,,
banditismo,1,,,,,,,,,,,,
bandito,1,,,,,,,,,,,,
bandit*,,,,1,,,,,,,,,
baracca,1,,,,,,,,,,,,
barbone,1,,,,,,,,,,,,
barbon*,,,,1,,,,,,,,,
bastarda,1,,,,,,,,,,,,
bastardi,1,,,,,,,,,,,,
bastardino,1,,,,,,,,,,,,
bastardo,1,,,,,,,,,,,,
bastard*,,1,,,,,,,,,,,
batrace,1,,,,,,,,,,,,
batton*,,,,,,,,,,,1,,
bauscia,,,,,,1,,,,1,,,
beccamorti,1,,,,,,,,,,,,
beccamorto,1,,,,,,,,,,,,
beccamort*,,,,1,,,,,,,,,
becero,1,,,,,,,,,,,,
becer*,,,,1,,,,,,,,,
beduina,1,,,,,,,,,,,,
beduine,1,,,,,,,,,,,,
beduini,1,,,,,,,,,,,,
beduino,1,,,,,,,,,,,,
beduin*,,,,,,,,,,1,,,
befan*,,,,,,,,,,,1,,
bellimbusto,1,,,,,,,,,,,,
bellimbust*,1,,,,,,,,,,,,
benpensante,1,,,,,,,,,,,,
benpensant*,1,,,,,,,,,,,,
beota,1,,,,,,,,,,,,
beot*,,,,1,,,,,,,,,
bestia,,,,1,,,,,,,,,
bestie,,,,1,,,,,,,,,
bestialità ,,,,1,,,,,,,,,
bifolco,1,,,,,,,,,,,,
bifolc*,,,,1,,,,,,,,,
bigotti,1,,,,,,,,,,,,
bigottismo,1,,,,,,,,,,,,
bigotto,1,,,,,,,,,,,,
bigott*,,,,1,,,,,,,,,
bilanist*,,,,,,1,,,,,,,
bile,1,,,,,,,,,,,,
birro,1,,,,,,,,,,,,
birri,1,,,,,,,,,,,,
biscazziere,1,,,,,,,,,,,,
biscazzier*,1,,,,,,,,,,,,
bischero,,,,1,,,,,,,,,
bischeri,,,,1,,,,,,,,,
blaterare,1,,,,,,,,,,,,
blater*,1,,,,,,,,,,,,
bocchinara,1,,,,,,,,,,,,
bocchino,1,,,,,,,,,,,,
bocchin*,,,,,,,,,,,1,,
boia,,,,1,,,,,,,,,
boiata,1,,,,,,,,,,,,
bordello,1,,,,,,,,,,,,
boria,1,,,,,,,,,,,,
boriosità ,1,,,,,,,,,,,,
borioso,1,,,,,,,,,,,,
borios*,1,,,,,,,,,,,,
bottegaio,1,,,,,,,,,,,,
bottegai*,1,,,,,,,,,,,,
bottegaro,1,,,,,,,,,,,,
bottegar*,1,,,,,,,,,,,,
bovini,1,,,,,,,,,,,,
bovino,1,,,,,,,,,,,,
bovin*,,,,,,1,,,,,,,
bradipo,1,,,,,,,,,,,,
brigante,1,,,,,,,,,,,,
briganti,1,,,,,,,,,,,,
brigant*,,,,1,,,,,,,,,
brigare,1,,,,,,,,,,,,
brocco,,,,1,,,,,,,,,
brocchi,,,,1,,,,,,,,,
bruci*,,,1,,,,,,,,,,
bruto,1,,,,,,,,,,,,
brutto,1,,,,,,,,,,,,
budino di testa,1,,,,,,,,,,,,
buffonata,,,,1,,,,,,,,,
buffone,,,,1,,,,,,,,,
buffoneria,,,,1,,,,,,,,,
buffona,,,,1,,,,,,,,,
buffoni,,,,1,,,,,,,,,
buffonaggine,,,,1,,,,,,,,,
bufo,1,,,,,,,,,,,,
bugiardello,1,,,,,,,,,,,,
bugiardi,1,,,,,,,,,,,,
bugiardo,1,,,,,,,,,,,,
bugiard*,,,,1,,,,,,,,,
buon a nulla,1,,,,,,,,,,,,
buon_a_nulla,,,,1,,,,,,,,,
buono a nulla,1,,,,,,,,,,,,
buono_a_nulla,,,,1,,,,,,,,,
buona_a_nulla,,,,1,,,,,,,,,
burattini,1,,,,,,,,,,,,
burattino,1,,,,,,,,,,,,
burattin*,,,,1,,,,,,,,,
buttatel*,,,1,,,,,,,,,,
buzzurro,1,,,,,,,,,,,,
buzzurr*,,,,1,,,,,,,,,
cacasenno,1,,,,,,,,,,,,
cacasotto,,,,1,,,,,,,,,
cacatoio,1,,,,,,,,,,,,
cacatoi*,,,,1,,,,,,,,,
cacazibetto,1,,,,,,,,,,,,
a_cacare,,,,1,,,,,,,,,
caca*,,1,,,,,,,,,,,
cacacazz*,,,,1,,,,,,,,,
di_cacca,,,,1,,,,,,,,,
cacchio,1,,,,,,,,,,,,
cacciaballe,,,,1,,,,,,,,,
cacciapalle,,,,1,,,,,,,,,
cafona,1,,,,,,,,,,,,
cafonaggine,1,,,,,,,,,,,,
cafone,1,,,,,,,,,,,,
cafoneria,1,,,,,,,,,,,,
cafoni,1,,,,,,,,,,,,
cafon*,,,,1,,,,,,,,,
cagata,1,,,,,,,,,,,,
cagna,1,,,,,,,,,,,,
cagone,1,,,,,,,,,,,,
cagn*,,,,,,,,,,,1,,
a_cagare,,,,1,,,,,,,,,
caga*,,1,,,,,,,,,,,
cagacazz*,,,,1,,,,,,,,,
cagon*,,,,1,,,,,,,,,
calunniatore,1,,,,,,,,,,,,
calunniator*,1,,,,,,,,,,,,
calunniatric*,1,,,,,,,,,,,,
camorrist*,,,,,,,,,,1,,,
campagnolo,1,,,,,,,,,,,,
campato in aria,1,,,,,,,,,,,,
canaglia,1,,,,,,,,,,,,
canagliata,1,,,,,,,,,,,,
canagli*,,,,1,,,,,,,,,
cane,,,,1,,,,,,,,,
capobanda,,,,1,,,,,,,,,
capibanda,,,,1,,,,,,,,,
capopopolo,,,,1,,,,,,,,,
capipopolo,,,,1,,,,,,,,,
capra,1,,,,,,,,,,,,
capre,1,,,,,,,,,,,,
capro,1,,,,,,,,,,,,
caprone,1,,,,,,,,,,,,
capr*,,,,1,,,,,,,,,
carogna,1,,,,,,,,,,,,
carogne,1,,,,,,,,,,,,
carogn*,,,,1,,,,,,,,,
casa chiusa,1,,,,,,,,,,,,
casa_chiusa,1,,,,,,,,,,,,
casa d'appuntamenti,1,,,,,,,,,,,,
casa_dappuntamenti,1,,,,,,,,,,,,
casa da gioco,1,,,,,,,,,,,,
casa di malaffare,1,,,,,,,,,,,,
casa_di_malaffare,1,,,,,,,,,,,,
case_di_malaffare,1,,,,,,,,,,,,
casa di piacere,1,,,,,,,,,,,,
casa_di_piacere,1,,,,,,,,,,,,
case_di_piacere,1,,,,,,,,,,,,
casa di tolleranza,1,,,,,,,,,,,,
casa_di_tolleranza,1,,,,,,,,,,,,
case chiuse,1,,,,,,,,,,,,
case_chiuse,1,,,,,,,,,,,,
case da gioco,1,,,,,,,,,,,,
case di tolleranza,1,,,,,,,,,,,,
case_di_tolleranza,1,,,,,,,,,,,,
casinaro,1,,,,,,,,,,,,
casinista,1,,,,,,,,,,,,
castra*,,,1,,,,,,,,,,
castroneria,1,,,,,,,,,,,,
castroneri*,1,,,,,,,,,,,,
catapecchia,1,,,,,,,,,,,,
catapecchi*,1,,,,,,,,,,,,
catorcio,1,,,,,,,,,,,,
catorci*,,,,1,,,,,,,,,
cazzar*,,,,1,,,,,,,,,
cazzat*,,1,,,,,,,,,,,
cazzeggiare,,1,,,,,,,,,,,
cazzo,,1,,,,,,,,,,,
cazzi,,1,,,,,,,,,,,
cazzon*,,,,1,,,,,,,,,
di_cazzo,,,,1,,,,,,,,,
cencioso,1,,,,,,,,,,,,
cencios*,1,,,,,,,,,,,,
cerchiobottismo,1,,,,,,,,,,,,
cerebrolesione,1,,,,,,,,,,,,
cerebroleso,1,,,,,,,,,,,,
cerebroles*,,,,,,,,,,,,,1
cesso,,,,1,,,,,,,,,
cessi,,,,1,,,,,,,,,
cessa,,,,,,,,,,,,1,
cesse,,,,,,,,,,,,1,
checca,,,,,,,,,1,,,,
checche,,,,,,,,,1,,,,
chiappa,1,,,,,,,,,,,,
chiappe,1,,,,,,,,,,,,
chiapp*,1,,,,,,,,,,,,
chiavar*,,1,,,,,,,,,,,
chiavata,1,,,,,,,,,,,,
chiavat*,,1,,,,,,,,,,,
chiavica,,,,1,,,,,,,,,
cialtrone,,,,1,,,,,,,,,
cialtroneria,1,,,,,,,,,,,,
cialtroni,,,,1,,,,,,,,,
cialtrona,,,,,,,,,,,1,,
cianciare,1,,,,,,,,,,,,
ciarlare,1,,,,,,,,,,,,
ciarlataneria,1,,,,,,,,,,,,
ciarlatani,1,,,,,,,,,,,,
ciarlatano,1,,,,,,,,,,,,
ciarlatan*,,,,1,,,,,,,,,
ciarlieri,1,,,,,,,,,,,,
ciarlier*,1,,,,,,,,,,,,
ciarpame,1,,,,,,,,,,,,
cicciona,1,,,,,,,,,,,,
ciccione,1,,,,,,,,,,,,
ciccion*,,,,,,,,,,,,1,
ciciotta,1,,,,,,,,,,,,
ciciott*,,,,,,,,,,,,1,
cicciott*,,,,,,,,,,,,1,
cicisbeo,1,,,,,,,,,,,,
cicisbei,1,,,,,,,,,,,,
ciola,,1,,,,,,,,,,,
ciolla,,1,,,,,,,,,,,
ciondolone,1,,,,,,,,,,,,
ciondolon*,1,,,,,,,,,,,,
citrullaggine,1,,,,,,,,,,,,
citrullo,1,,,,,,,,,,,,
citrull*,,,,1,,,,,,,,,
ciucci*,,,,1,,,,,,,,,
ciuco,1,,,,,,,,,,,,
ciurma,1,,,,,,,,,,,,
ciurmaglia,1,,,,,,,,,,,,
clandestin*,,,,,,,,,,1,,,
cloaca,1,,,,,,,,,,,,
cloac*,,,,1,,,,,,,,,
clown,,,,1,,,,,,,,,
coacervo,1,,,,,,,,,,,,
coatto,1,,,,,,,,,,,,
coatt*,,,,1,,,,,,,,,
codardia,1,,,,,,,,,,,,
codardo,1,,,,,,,,,,,,
codard*,,,,1,,,,,,,,,
coglionaggin*,,1,,,,,,,,,,,
coglionazz*,,1,,1,,,,,,,,,
coglione,,1,,1,,,,,,,,,
coglioneria,1,,,,,,,,,,,,
coglioni,,1,,1,,,,,,,,,
dai_coglioni,,1,,,,,,,,,,,
cogliona,,1,,1,,,,,,,,,
cojone,,1,,1,,,,,,,,,
cojoni,,1,,1,,,,,,,,,
cojona,,1,,1,,,,,,,,,
dai_cojoni,,1,,,,,,,,,,,
colerosi,1,,,,,,,,,,,,
coleroso,1,,,,,,,,,,,,
coler*,,,,,,,,,,1,,,
comare,1,,,,,,,,,,,,
commediante,1,,,,,,,,,,,,
complice,,,,1,,,,,,,,,
complottismo,1,,,,,,,,,,,,
comunisti,1,,,,,,,,,,,,
comunist*,,,,,1,,,,,,,,
concubina,1,,,,,,,,,,,,
concubinaggio,1,,,,,,,,,,,,
concubinato,1,,,,,,,,,,,,
concubine,1,,,,,,,,,,,,
concubin*,,,,,,,,,,,1,,
conformista,1,,,,,,,,,,,,
conigli,1,,,,,,,,,,,,
coniglietti,1,,,,,,,,,,,,
coniglietto,1,,,,,,,,,,,,
coniglio,1,,,,,,,,,,,,
conigl*,,,,1,,,,,,,,,
contafrottole,,,,1,,,,,,,,,
contapalle,,,,1,,,,,,,,,
contaballe,,,,1,,,,,,,,,
contastorie,,,,1,,,,,,,,,
copulare,1,,,,,,,,,,,,
corbelleria,1,,,,,,,,,,,,
cornuta,1,,,,,,,,,,,,
cornuti,1,,,,,,,,,,,,
cornuto,1,,,,,,,,,,,,
cornut*,,1,,1,,,,,,,,,
corrotto,1,,,,,,,,,,,,
corrott*,,,,1,,,,,,,,,
corruttibile,1,,,,,,,,,,,,
corruttibil*,1,,,,,,,,,,,,
cortigiana,1,,,,,,,,,,,,
cortigiane,1,,,,,,,,,,,,
cortigiani,1,,,,,,,,,,,,
cortigiano,1,,,,,,,,,,,,
cortigian*,1,,,,,,,,,,,,
cosa nostra,1,,,,,,,,,,,,
cosa_nostra,,,,,,1,,,,,,,
cosanostra,,,,,,1,,,,,,,
cosca,,,,,,1,,,,,,,
cospirazionismo,1,,,,,,,,,,,,
credulone,1,,,,,,,,,,,,
credulon*,1,,,,,,,,,,,,
crepare,,,1,,,,,,,,,,
crepa,,,1,,,,,,,,,,
crepate,,,1,,,,,,,,,,
cretinata,1,,,,,,,,,,,,
cretineria,1,,,,,,,,,,,,
cretinismo,1,,,,,,,,,,,,
cretino,1,,,,,,,,,,,,
cretin*,,,,1,,,,,,,,,
criminale,,,,1,,,,,,,,,
criminali,,,,1,,,,,,,,,
criminoso,,,,1,,,,,,,,,
crucco,1,,,,,,,,,,,,
crucc*,,,,,,,,,,1,,,
crumira,1,,,,,,,,,,,,
crumiraggio,1,,,,,,,,,,,,
crumiri,1,,,,,,,,,,,,
crumiro,1,,,,,,,,,,,,
crumir*,,,,,1,,,,,,,,
cuccia,1,,,,,,,,,,,,
cuckold,,1,,1,,,,,,,,,
culatton*,,,,,,,,,1,,,,
culo,,1,,,,,,,,,,,
culi,,1,,,,,,,,,,,
culone,,1,,,,,,,,,,,
culona,,,,,,,,,,,,1,
culoni,,1,,,,,,,,,,,
cunno,,1,,1,,,,,,,,,
cunnu,,1,,1,,,,,,,,,
dabbenaggine,1,,,,,,,,,,,,
damerino,1,,,,,,,,,,,,
damerin*,1,,,,,,,,,,,,
dannato,1,,,,,,,,,,,,
dannat*,1,,,,,,,,,,,,
debosciato,1,,,,,,,,,,,,
debosciat*,1,,,,,,,,,,,,
deficiente,1,,,,,,,,,,,,
deficienza,1,,,,,,,,,,,,
deficien*,,,,1,,,,,,,,,
deficit mentale,1,,,,,,,,,,,,
deficit_mentale,,,,,,,,,,,,,1
deforme,1,,,,,,,,,,,,
deform*,,,,,,,,,,,,,1
delatore,1,,,,,,,,,,,,
delat*,1,,,,,,,,,,,,
delinquente,1,,,,,,,,,,,,
delinquenza,1,,,,,,,,,,,,
delinquenziale,1,,,,,,,,,,,,
delinquen*,,,,1,,,,,,,,,
delirante,1,,,,,,,,,,,,
delirio di onnipotenza,1,,,,,,,,,,,,
demagogia,1,,,,,,,,,,,,
demagogico,1,,,,,,,,,,,,
demagogismo,1,,,,,,,,,,,,
demagogo,1,,,,,,,,,,,,
demagog*,1,,,,,,,,,,,,
demenza,,,,,,,,,,,,,1
demenziale,1,,,,,,,,,,,,
dement*,,,,,,,,,,,,,1
democristiani,1,,,,,,,,,,,,
democristian*,1,,,,,,,,,,,,
denigratore,1,,,,,,,,,,,,
denigrazione,1,,,,,,,,,,,,
depravato,1,,,,,,,,,,,,
depravat*,,,,1,,,,,,,,,
deprecabile,1,,,,,,,,,,,,
deprecabil*,1,,,,,,,,,,,,
depredatore,1,,,,,,,,,,,,
depredatori,1,,,,,,,,,,,,
depredatrice,1,,,,,,,,,,,,
depredatrici,1,,,,,,,,,,,,
deretano,,1,,,,,,,,,,,
derubare,1,,,,,,,,,,,,
derubato,1,,,,,,,,,,,,
detesto,,,,,,,,1,,,,,
devastatore,1,,,,,,,,,,,,
deviato,1,,,,,,,,,,,,
deviati,1,,,,,,,,,,,,
didietro,,1,,,,,,,,,,,
diffamatore,1,,,,,,,,,,,,
diffamatorio,1,,,,,,,,,,,,
diffamazione,1,,,,,,,,,,,,
diger*,,,,,,,1,,,,,,
digestiv*,,,,,,,1,,,,,,
diilettantesco,1,,,,,,,,,,,,
dilapidatore,1,,,,,,,,,,,,
dilapidator*,1,,,,,,,,,,,,
dilapidatric*,1,,,,,,,,,,,,
dildo,,1,,,,,,,,,,,
dileggiare,1,,,,,,,,,,,,
dileggiatore,1,,,,,,,,,,,,
dilettante,1,,,,,,,,,,,,
dilettanti,1,,,,,,,,,,,,
dilettantismo,1,,,,,,,,,,,,
dilettantistico,1,,,,,,,,,,,,
dilettant*,1,,,,,,,,,,,,
dipendenza sessuale,1,,,,,,,,,,,,
dipendenza_sessuale,1,,,,,,,,,,,,
disabile,1,,,,,,,,,,,,
disabili,1,,,,,,,,,,,,
disabilità ,1,,,,,,,,,,,,
disabil*,,,,,,,,,,,,,1
disagiato,1,,,,,,,,,,,,
disagiat*,,,,1,,,,,,,,,
disgraziato,1,,,,,,,,,,,,
disgraziat*,,,,1,,,,,,,,,
disgusto,1,,,,,,,,,,,,
disgust*,,,,,,,1,,,,,,
disprezzo,,,,,,,,1,,,,,
dissennato,1,,,,,,,,,,,,
dissimulatore,1,,,,,,,,,,,,
dissimulazione,1,,,,,,,,,,,,
distrugg*,,,1,,,,,,,,,,
disumano,1,,,,,,,,,,,,
disuman*,1,,,,,,,,,,,,
diversamente abile,1,,,,,,,,,,,,
diversamente abili,1,,,,,,,,,,,,
diversamente_abil*,,,,,,,,,,,,,1
divetta,1,,,,,,,,,,,,
divett*,1,,,,,,,,,,,,
donna della strada,1,,,,,,,,,,,,
donna di facili costumi,1,,,,,,,,,,,,
donna di malaffare,1,,,,,,,,,,,,
donna di strada,1,,,,,,,,,,,,
donna di vita,1,,,,,,,,,,,,
donna sciatta,1,,,,,,,,,,,,
donnaccia,1,,,,,,,,,,,,
donnacc*,,,,,,,,,,,1,,
donnina,1,,,,,,,,,,,,
drag queen,1,,,,,,,,,,,,
drag show,1,,,,,,,,,,,,
drag,,,,,,,,,1,,,,
drogato,1,,,,,,,,,,,,
drogat*,,,,,,,,,,,,,1
ebete,1,,,,,,,,,,,,
ebet*,,,,1,,,,,,,,,
ebreo,1,,,,,,,,,,,,
ebre*,,,,,,,,,,1,,,
egocentrico,1,,,,,,,,,,,,
egocentric*,1,,,,,,,,,,,,
egoismo,1,,,,,,,,,,,,
egoista,1,,,,,,,,,,,,
egoistico,1,,,,,,,,,,,,
egois*,1,,,,,,,,,,,,
egotismo,1,,,,,,,,,,,,
empio,1,,,,,,,,,,,,
empi*,1,,,,,,,,,,,,
eversore,1,,,,,,,,,,,,
falsi,1,,,,,,,,,,,,
falsificato,1,,,,,,,,,,,,
falsificazione,1,,,,,,,,,,,,
falsità ,1,,,,,,,,,,,,
falsari*,,,,1,,,,,,,,,
falso,1,,,,,,,,,,,,
falso,1,,,,,,,,,,,,
fancul*,,1,,1,,,,,,,,,
fandonia,1,,,,,,,,,,,,
fandoni*,1,,,,,,,,,,,,
fanfaluca,1,,,,,,,,,,,,
fanfarone,1,,,,,,,,,,,,
fanfaron*,1,,,,,,,,,,,,
fango,,,,1,,,,,,,,,
fannullaggine,1,,,,,,,,,,,,
fannullone,1,,,,,,,,,,,,
fannulloneria,1,,,,,,,,,,,,
fannullon*,,,,1,,,,,,,,,
farabutto,1,,,,,,,,,,,,
farabutt*,,,,1,,,,,,,,,
fariseo,1,,,,,,,,,,,,
farise*,,,,1,,,,,,,,,
fasci,,,,,1,,,,,,,,
fascio,,,,,1,,,,,,,,
fascisti,1,,,,,,,,,,,,
fascistoid*,,,,,1,,,,,,,,
fascist*,1,,,,,,,,,,,,
fasullo,1,,,,,,,,,,,,
fasull*,1,,,,,,,,,,,,
fattona,1,,,,,,,,,,,,
fattone,1,,,,,,,,,,,,
fattoni,1,,,,,,,,,,,,
fatton*,,,,1,,,,,,,,,
fattore,1,,,,,,,,,,,,
fava,,1,,,,,,,,,,,
fave,,1,,,,,,,,,,,
feccia,,,,1,,,,,,,,,
fellatio,,1,,,,,,,,,,,
fellone,1,,,,,,,,,,,,
fellonia,1,,,,,,,,,,,,
fellon*,1,,,,,,,,,,,,
femminuccia,1,,,,,,,,,,,,
femminucc*,,,,,,,,,,,1,,
ferrovecchio,1,,,,,,,,,,,,
fessacchiotto,1,,,,,,,,,,,,
fessacchiott*,,,,1,,,,,,,,,
fessaggine,1,,,,,,,,,,,,
fessaggin*,1,,,,,,,,,,,,
fesseria,1,,,,,,,,,,,,
fesseri*,1,,,,,,,,,,,,
fesso,,,,1,,,,,,,,,
fessi,,,,1,,,,,,,,,
fessa,,,,,,,,,,,1,,
festa,1,,,,,,,,,,,,
fetente,1,,,,,,,,,,,,
fetent*,,,,1,,,,,,,,,
feticismo,1,,,,,,,,,,,,
feticis*,1,,,,,,,,,,,,
fetido,1,,,,,,,,,,,,
fetidume,1,,,,,,,,,,,,
fetid*,,,,,,,1,,,,,,
fetore,,,,,,,1,,,,,,
fica,,1,,,,,,,,,,,
fiche,,1,,,,,,,,,,,
fifone,1,,,,,,,,,,,,
figa,,1,,,,,,,,,,,
fighe,,1,,,,,,,,,,,
fighett*,,,,1,,,,,,,,,
figuraccia,1,,,,,,,,,,,,
figuro,1,,,,,,,,,,,,
finocchi,1,,,,,,,,,,,,
finocchietto,1,,,,,,,,,,,,
finocchio,1,,,,,,,,,,,,
finocc*,,,,,,,,,1,,,,
finto,1,,,,,,,,,,,,
fogna,1,,,,,,,,,,,,
fognatura,1,,,,,,,,,,,,
fognature,1,,,,,,,,,,,,
fogne,1,,,,,,,,,,,,
fogn*,,,,1,,,,,,,,,
fondo schiena,1,,,,,,,,,,,,
fondo_schiena,1,,,,,,,,,,,,
fondoschiena,1,,,,,,,,,,,,
forcaiolo,1,,,,,,,,,,,,
forcaiol*,1,,,,,,,,,,,,
fornicatrice,1,,,,,,,,,,,,
fornicatric*,1,,,,,,,,,,,,
fornicator*,1,,,,,,,,,,,,
fottere,1,,,,,,,,,,,,
fottio,1,,,,,,,,,,,,
fottiti,1,,,,,,,,,,,,
fotto,1,,,,,,,,,,,,
fottuto,1,,,,,,,,,,,,
fott*,,1,,,,,,,,,,,
fregna,,1,,,,,,,,,,,
fregnon*,,,,1,,,,,,,,,
frenastenia,1,,,,,,,,,,,,
frenetico,1,,,,,,,,,,,,
frescone,1,,,,,,,,,,,,
frescon*,,,,1,,,,,,,,,
frignone,1,,,,,,,,,,,,
frign*,,,,1,,,,,,,,,
frocio,1,,,,,,,,,,,,
frocione,1,,,,,,,,,,,,
froci*,,,,,,,,,1,,,,
frodare,1,,,,,,,,,,,,
frodatore,1,,,,,,,,,,,,
frodatrice,1,,,,,,,,,,,,
frotta,1,,,,,,,,,,,,
furbacchione,1,,,,,,,,,,,,
furberia,1,,,,,,,,,,,,
furbizia,1,,,,,,,,,,,,
furbone,1,,,,,,,,,,,,
furfantaggine,1,,,,,,,,,,,,
furfante,1,,,,,,,,,,,,
furfanteria,1,,,,,,,,,,,,
furfant*,,,,1,,,,,,,,,
furti,1,,,,,,,,,,,,
furto,1,,,,,,,,,,,,
gabinetti pubblici,1,,,,,,,,,,,,
gabinetto,1,,,,,,,,,,,,
gaglioffaggine,1,,,,,,,,,,,,
gagliofferia,1,,,,,,,,,,,,
gaglioffo,1,,,,,,,,,,,,
gallina,1,,,,,,,,,,,,
gallin*,,,,,,,,,,,1,,
galoppino,1,,,,,,,,,,,,
galoppin*,1,,,,,,,,,,,,
gangster,,,,1,,,,,,,,,
gay,,,,,,,,,1,,,,
gentaglia,,,,1,,,,,,,,,
gigolo,1,,,,,,,,,,,,
gigolò,1,,,,,,,,,,,,
giuda,,,,1,,,,,,,,,
giudeo,,,,,,,,,,1,,,
giudei,,,,,,,,,,1,,,
giullare,,,,1,,,,,,,,,
giullari,,,,1,,,,,,,,,
gnocca,,,,,,,,,,,1,,
gnocco,,,,1,,,,,,,,,
gnocche,,,,,,,,,,,1,,
gobba,1,,,,,,,,,,,,
gobbo,1,,,,,,,,,,,,
gobb*,,,,,,1,,,,,,,
gonade,1,,,,,,,,,,,,
gonad*,1,,,,,,,,,,,,
gonzo,1,,,,,,,,,,,,
gonz*,,,,1,,,,,,,,,
gordo,1,,,,,,,,,,,,
gradasso,1,,,,,,,,,,,,
gradass*,1,,,,,,,,,,,,
grassatore,1,,,,,,,,,,,,
grassazione,1,,,,,,,,,,,,
grettezza,1,,,,,,,,,,,,
gretto,1,,,,,,,,,,,,
grett*,,,,1,,,,,,,,,
grullo,1,,,,,,,,,,,,
grull*,,,,1,,,,,,,,,
guercio,,,,,,,,,,,,,1
guttalax,,,,,,,1,,,,,,
handicap,1,,,,,,,,,,,,
handicappato,1,,,,,,,,,,,,
handicap*,,,,,,,,,,,,,1
iattanza,1,,,,,,,,,,,,
iattazione,1,,,,,,,,,,,,
idiota,1,,,,,,,,,,,,
idioti,1,,,,,,,,,,,,
idiotismo,1,,,,,,,,,,,,
idiot*,,,,1,,,,,,,,,
idiozia,,,,1,,,,,,,,,
ignavia,1,,,,,,,,,,,,
ignav*,1,,,,,,,,,,,,
ignobile,1,,,,,,,,,,,,
ignobil*,,,,1,,,,,,,,,
ignorante,1,,,,,,,,,,,,
ignorantemente,1,,,,,,,,,,,,
ignoranza,1,,,,,,,,,,,,
ignoran*,,,,1,,,,,,,,,
imbecillaggine,1,,,,,,,,,,,,
imbecille,1,,,,,,,,,,,,
imbecillità ,1,,,,,,,,,,,,
imbecill*,,,,1,,,,,,,,,
imbonitore,1,,,,,,,,,,,,
imbonitor*,1,,,,,,,,,,,,
imbonitric*,1,,,,,,,,,,,,
imbranato,1,,,,,,,,,,,,
imbranat*,,,,1,,,,,,,,,
imbrattacarte,1,,,,,,,,,,,,
imbrattafogli,1,,,,,,,,,,,,
imbroglione,1,,,,,,,,,,,,
imbroglion*,,,,1,,,,,,,,,
immondezza,1,,,,,,,,,,,,
immondizia,1,,,,,,,,,,,,
immondo,1,,,,,,,,,,,,
immond*,,,,1,,,,,,,,,
impiccione,1,,,,,,,,,,,,
impostore,1,,,,,,,,,,,,
impost*,1,,,,,,,,,,,,
inabile,1,,,,,,,,,,,,
inabil*,,,,,,,,,,,,,1
inascoltabil*,1,,,,,,,,,,,,
incapace,1,,,,,,,,,,,,
incapacità ,1,,,,,,,,,,,,
incapac*,,,,1,,,,,,,,,
incitrullirsi,1,,,,,,,,,,,,
incitrull*,,,,1,,,,,,,,,
rincitrull*,,,,1,,,,,,,,,
incivile,1,,,,,,,,,,,,
inciviltà ,1,,,,,,,,,,,,
incolto,1,,,,,,,,,,,,
incompetente,,,,1,,,,,,,,,
inculata,1,,,,,,,,,,,,
inculati,1,,,,,,,,,,,,
incul*,,1,,,,,,,,,,,
indecente,1,,,,,,,,,,,,
indecoroso,1,,,,,,,,,,,,
indegno,1,,,,,,,,,,,,
indegn*,,,,1,,,,,,,,,
indigeribil*,,,,,,,1,,,,,,
indigest*,,,,,,,1,,,,,,
inebetire,1,,,,,,,,,,,,
inebetit*,1,,,,,,,,,,,,
ineducato,1,,,,,,,,,,,,
ineducazione,1,,,,,,,,,,,,
inetto,1,,,,,,,,,,,,
inett*,,,,1,,,,,,,,,
infame,,,,1,,,,,,,,,
infami,,,,1,,,,,,,,,
inferior*,1,,,,,,,,,,,,
infingardaggine,1,,,,,,,,,,,,
infingardo,1,,,,,,,,,,,,
ingannatore,1,,,,,,,,,,,,
ingannator*,1,,,,,,,,,,,,
ingannatric*,1,,,,,,,,,,,,
inguardabil*,,,,,,,1,,,,,,
insano,1,,,,,,,,,,,,
insipiente,1,,,,,,,,,,,,
instupidire,1,,,,,,,,,,,,
instupidirsi,1,,,,,,,,,,,,
instupid*,1,,,,,,,,,,,,
insulsaggine,1,,,,,,,,,,,,
insulso,1,,,,,,,,,,,,
insuls*,,,,1,,,,,,,,,
intollerante,1,,,,,,,,,,,,
intolleranza,1,,,,,,,,,,,,
intrallazzare,1,,,,,,,,,,,,
intrallazzatore,1,,,,,,,,,,,,
intrallazzator*,1,,,,,,,,,,,,
intrallazzatric*,1,,,,,,,,,,,,
inutile,,,,1,,,,,,,,,
inutilità ,1,,,,,,,,,,,,
invertito,1,,,,,,,,,,,,
invertit*,,,,,,,,,1,,,,
invidioso,1,,,,,,,,,,,,
invidios*,1,,,,,,,,,,,,
ipocrita,1,,,,,,,,,,,,
ipocrit*,,,,1,,,,,,,,,
istupidire,1,,,,,,,,,,,,
istupidirsi,1,,,,,,,,,,,,
istupid*,1,,,,,,,,,,,,
italiot*,,,,1,,,,,,,,,
krumiro,1,,,,,,,,,,,,
krumir*,,,,,1,,,,,,,,
la rovina,1,,,,,,,,,,,,
la_rovina,,,,1,,,,,,,,,
ladra,1,,,,,,,,,,,,
ladreria,1,,,,,,,,,,,,
ladri,1,,,,,,,,,,,,
ladro,1,,,,,,,,,,,,
ladrocinio,1,,,,,,,,,,,,
ladrone,1,,,,,,,,,,,,
ladroneccio,1,,,,,,,,,,,,
ladruncolo,1,,,,,,,,,,,,
ladr*,,,,1,,,,,,,,,
laido,1,,,,,,,,,,,,
laid*,,,,1,,,,,,,,,
latrare,1,,,,,,,,,,,,
latrina,1,,,,,,,,,,,,
latrine,1,,,,,,,,,,,,
latrin*,,,,1,,,,,,,,,
latrocinio,1,,,,,,,,,,,,
lavati,,,,,,,,,,1,,,
lavativo,1,,,,,,,,,,,,
lavativ*,,,,1,,,,,,,,,
lazzarone,1,,,,,,,,,,,,
lazzaron*,1,,,,,,,,,,,,
lazzerone,1,,,,,,,,,,,,
leccaculo,,1,,1,,,,,,,,,
leccapiedi,,,,1,,,,,,,,,
lecchino,1,,,,,,,,,,,,
lecchin*,,,,1,,,,,,,,,
leccone,1,,,,,,,,,,,,
leccon*,1,,,,,,,,,,,,
lercio,1,,,,,,,,,,,,
lerciume,1,,,,,,,,,,,,
lesbic*,,,,,,,,,1,,,,
lerci*,,,,,,,1,,,,,,
lestofante,1,,,,,,,,,,,,
lestofan*,1,,,,,,,,,,,,
lezzo,,,,1,,,,,,,,,
lingua lunga,1,,,,,,,,,,,,
lingua_lunga,1,,,,,,,,,,,,
linguacciuto,1,,,,,,,,,,,,
linguacciut*,1,,,,,,,,,,,,
lingueggiare,1,,,,,,,,,,,,
liquame,1,,,,,,,,,,,,
liquami,1,,,,,,,,,,,,
liquam*,,,,,,,1,,,,,,
lordo,1,,,,,,,,,,,,
lordi,1,,,,,,,,,,,,
lorda,1,,,,,,,,,,,,
lorde,1,,,,,,,,,,,,
lordura,1,,,,,,,,,,,,
lupanare,1,,,,,,,,,,,,
luridezza,1,,,,,,,,,,,,
lurido,1,,,,,,,,,,,,
lurid*,,,,,,,1,,,,,,
macinino,1,,,,,,,,,,,,
macrocefal*,,,,,,,,,,,,,1
mafia,1,,,,,,,,,,,,
mafiosa,1,,,,,,,,,,,,
mafiosi,1,,,,,,,,,,,,
mafioso,1,,,,,,,,,,,,
mafi*,,,,1,,,,,,,,,
magnaccia,,,,1,,,,,,,1,,
maiale,,,,1,,,,,,,,,
maiali,,,,1,,,,,,,,,
maialino,1,,,,,,,,,,,,
maiala,,,,,,,,,,,1,,
majale,1,,,,,,,,,,,,
majal*,1,,,,,,,,,,,,
malandrino,1,,,,,,,,,,,,
malandrin*,1,,,,,,,,,,,,
malavitoso,1,,,,,,,,,,,,
malavitos*,,,,1,,,,,,,,,
maledett*,,,,1,,,,,,,,,
maleducato,1,,,,,,,,,,,,
maleducazione,1,,,,,,,,,,,,
malefico,1,,,,,,,,,,,,
malefic*,1,,,,,,,,,,,,
maleodorante,,,,,,,1,,,,,,
malevolo,1,,,,,,,,,,,,
malevol*,1,,,,,,,,,,,,
malfattore,1,,,,,,,,,,,,
malfatt*,1,,,,,,,,,,,,
malignare,1,,,,,,,,,,,,
maligno,1,,,,,,,,,,,,
malign*,1,,,,,,,,,,,,
malparlante,1,,,,,,,,,,,,
maltolto,1,,,,,,,,,,,,
malvagio,1,,,,,,,,,,,,
malvagità ,1,,,,,,,,,,,,
malvagi*,1,,,,,,,,,,,,
malvivente,1,,,,,,,,,,,,
malvivent*,,,,1,,,,,,,,,
malvolere,1,,,,,,,,,,,,
mamalucco,1,,,,,,,,,,,,
mammalucco,1,,,,,,,,,,,,
mangiapane,1,,,,,,,,,,,,
mangiaufo,1,,,,,,,,,,,,
maniaco,1,,,,,,,,,,,,
maniac*,1,,,,,,,,,,,,
manigoldo,1,,,,,,,,,,,,
manigold*,1,,,,,,,,,,,,
manipolatore,1,,,,,,,,,,,,
manipolator*,,,,1,,,,,,,,,
manipolatric*,,,,,,,,,,,1,,
mantenut*,,,,1,,,,,,,,,
maramaglia,1,,,,,,,,,,,,
marasma,1,,,,,,,,,,,,
mariolo,1,,,,,,,,,,,,
mariol*,,,,1,,,,,,,,,
mariuol*,,,,1,,,,,,,,,
marmaglia,1,,,,,,,,,,,,
maroni,,1,,,,,,,,,,,
marrano,1,,,,,,,,,,,,
marran*,1,,,,,,,,,,,,
mascalzone,1,,,,,,,,,,,,
mascalzon*,,,,1,,,,,,,,,
masturbandosi,1,,,,,,,,,,,,
masturbazione,1,,,,,,,,,,,,
masturb*,,1,,,,,,,,,,,
medicastro,1,,,,,,,,,,,,
mediocre,1,,,,,,,,,,,,
mediocrità ,1,,,,,,,,,,,,
mefitico,,,,,,,1,,,,,,
megera,,,,,,,,,,,1,,
melensaggine,1,,,,,,,,,,,,
menga,,,,1,,,,,,,,,
menate,1,,,,,,,,,,,,
mendace,1,,,,,,,,,,,,
mendacità ,1,,,,,,,,,,,,
mendicante,1,,,,,,,,,,,,
mendicant*,1,,,,,,,,,,,,
menomato,1,,,,,,,,,,,,
menomat*,,,,,,,,,,,,,1
mentecatto,1,,,,,,,,,,,,
mentecatt*,,,,1,,,,,,,,,
mentitore,1,,,,,,,,,,,,
mentitor*,1,,,,,,,,,,,,
mentitric*,1,,,,,,,,,,,,
menzognero,1,,,,,,,,,,,,
menzogner*,1,,,,,,,,,,,,
merda,1,,,,,,,,,,,,
merdaazzurri,1,,,,,,,,,,,,
merdacce,1,,,,,,,,,,,,
merdaccia,1,,,,,,,,,,,,
merdata,1,,,,,,,,,,,,
merde,1,,,,,,,,,,,,
merdone,1,,,,,,,,,,,,
merd*,,1,,1,,,,,,,,,
meretrice,1,,,,,,,,,,,,
meretricio,1,,,,,,,,,,,,
meretric*,,,,,,,,,,,1,,
meschino,1,,,,,,,,,,,,
mezzasega,,1,,1,,,,,,,,,
mezzeseghe,,1,,1,,,,,,,,,
mezza_sega,,1,,1,,,,,,,,,
mezze_seghe,,1,,1,,,,,,,,,
mercenari*,,,,1,,,,,,,,,
miasma,,,,,,,1,,,,,,
microcefalia,1,,,,,,,,,,,,
microcefalo,1,,,,,,,,,,,,
microcefal*,,,,,,,,,,,,,1
mignotta,1,,,,,,,,,,,,
mignott*,,,,,,,,,,,1,,
minchia,,1,,,,,,,,,,,
minchiat*,,1,,,,,,,,,,,
minchionaggine,1,,,,,,,,,,,,
minchionare,1,,,,,,,,,,,,
minchionatore,1,,,,,,,,,,,,
minchionatura,1,,,,,,,,,,,,
minchion*,,1,,1,,,,,,,,,
minchioneria,1,,,,,,,,,,,,
di_minchia,,1,,1,,,,,,,,,
minkia,,1,,,,,,,,,,,
minkiat*,,1,,,,,,,,,,,
minkion*,,1,,1,,,,,,,,,
di_minkia,,1,,1,,,,,,,,,
minne,,1,,,,,,,,,,,
minorato,1,,,,,,,,,,,,
minorat*,,,,,,,,,,,,,1
miserabile,1,,,,,,,,,,,,
miserabil*,,,,1,,,,,,,,,
miseria,1,,,,,,,,,,,,
misero,1,,,,,,,,,,,,
molestatore,1,,,,,,,,,,,,
molestator*,,,,1,,,,,,,,,
molestatric*,,,,1,,,,,,,,,
mollaccione,1,,,,,,,,,,,,
mollaccion*,,,,1,,,,,,,,,
molluschi,1,,,,,,,,,,,,
mollusco,1,,,,,,,,,,,,
mona,,1,,,,,,,,,,,
un_mona,,1,,1,,,,,,,,,
mongola,,,,,,,,,,,,,1
mongole,,,,,,,,,,,,,1
mongoli,,,,,,,,,,,,,1
mongolo,,,,,,,,,,,,,1
mongoloide,,,,,,,,,,,,,1
mongoloidi,,,,,,,,,,,,,1
mongospoastic*,,,,,,,,,,,,,1
mondezza,,,,1,,,,,,,,,
monnezza,,,,1,,,,,,,,,
munnezza,,,,1,,,,,,,,,
munnezz,,,,1,,,,,,,,,
mortacci,,1,,1,,,,,,,,,
muto,,,1,,,,,,,,,,
muti,,,1,,,,,,,,,,
muta,,,1,,,,,,,,,,
mute,,,1,,,,,,,,,,
morto di fame,1,,,,,,,,,,,,
morto_di_fame,,,,1,,,,,,,,,
morti_di_fame,,,,1,,,,,,,,,
morta_di_fame,,,,1,,,,,,,,,
morte_di_fame,,,,1,,,,,,,,,
mulo,,,,1,,,,,,,,,
mula,,,,,,,,,,,1,,
nana,,,,,,,,,,,,1,1
nanerottolo,,,,,,,,,,,,1,1
nano,,,,,,,,,,,,1,1
nanocefal*,,,,,,,,,,,,,1
nanocephaly,1,,,,,,,,,,,,
napoletano,1,,,,,,,,,,,,
napolecan*,,,,,,1,,,,1,,,
natica,1,,,,,,,,,,,,
natiche,1,,,,,,,,,,,,
nauseabondo,1,,,,,,,,,,,,
nauseabond*,,,,,,,1,,,,,,
ndranghet*,,,,1,,,,,,,,,
ndranghet*,,,,1,,,,,,,,,
negra,1,,,,,,,,,,,,
negri,1,,,,,,,,,,,,
negro,1,,,,,,,,,,,,
negroide,1,,,,,,,,,,,,
negroidi,1,,,,,,,,,,,,
negrone,1,,,,,,,,,,,,
negroni,1,,,,,,,,,,,,
negr*,,,,,,,,,,1,,,
nerchia,1,,,,,,,,,,,,
nerchi*,,1,,,,,,,,,,,
nerd,,,,1,,,,,,,,,
nerds,,,,1,,,,,,,,,
nero,1,,,,,,,,,,,,
nero_di,,,,,,,,,,1,,,
nero_del,,,,,,,,,,1,,,
neri_di,,,,,,,,,,1,,,
neri_del,,,,,,,,,,1,,,
nera_di,,,,,,,,,,1,,,
nera_del,,,,,,,,,,1,,,
nere_di,,,,,,,,,,1,,,
nere_del,,,,,,,,,,1,,,
ninfoman*,,,,,,,,,,,1,,
ninfomani,1,,,,,,,,,,,,
ninfomania,1,,,,,,,,,,,,
oca,,,,,,,,,,,1,,
ocaggine,1,,,,,,,,,,,,
oche,,,,,,,,,,,1,,
ochetta,,,,,,,,,,,1,,
ochette,,,,,,,,,,,1,,
odio,,,,,,,,1,,,,,
ti_odio,,,,,,,,1,,,,,
vi_odio,,,,,,,,1,,,,,
lo_odio,,,,,,,,1,,,,,
li_odio,,,,,,,,1,,,,,
la_odio,,,,,,,,1,,,,,
le_odio,,,,,,,,1,,,,,
odios*,,,,1,,,,,,,,,
olezzo,,,,,,,1,,,,,,
oligofrenia,1,,,,,,,,,,,,
omiciattolo,1,,,,,,,,,,,,
omicida,,,,1,,,,,,,,,
omoerot*,,,,,,,,,1,,,,
omoerotismo,1,,,,,,,,,,,,
omosex,,,,,,,,,1,,,,
omuncoli,,,,1,,,,,,,,,
omuncolo,,,,1,,,,,,,,,
orbo,,,,,,,,,,,,,1
ottusità ,1,,,,,,,,,,,,
ottuso,,,,1,,,,,,,,,
ottusi,,,,1,,,,,,,,,
ottusa,,,,1,,,,,,,,,
ottuse,,,,1,,,,,,,,,
paccotiglia,1,,,,,,,,,,,,
paccottiglia,1,,,,,,,,,,,,
pagliaccio,1,,,,,,,,,,,,
pagliacc*,,,,1,,,,,,,,,
paino,1,,,,,,,,,,,,
palle,1,,,,,,,,,,,,
pantegana,1,,,,,,,,,,,,
pantegan*,,,,1,,,,,,,,,
pappone,1,,,,,,,,,,,,
pappon*,,1,,1,,,,,,,,,
paracula,1,,,,,,,,,,,,
paraculi,1,,,,,,,,,,,,
paraculismo,1,,,,,,,,,,,,
paraculo,1,,,,,,,,,,,,
paracul*,,1,,1,,,,,,,,,
parassita,1,,,,,,,,,,,,
parassit*,,,,1,,,,,,,,,
parolai*,,,,1,,,,,,,,,
parruccone,1,,,,,,,,,,,,
passeggiatric*,,,,,,,,,,,1,,
passera,,1,,,,,,,,,,,
passere,,1,,,,,,,,,,,
pastrocchio,1,,,,,,,,,,,,
pataccaro,1,,,,,,,,,,,,
pataccar*,,,,1,,,,,,,,,
patetico,1,,,,,,,,,,,,
patetic*,,,,1,,,,,,,,,
patonza,,,,,,,,,,,1,,
pattume,,,,1,,,,,,,,,
pavido,1,,,,,,,,,,,,
pavid*,,,,1,,,,,,,,,
pecora,,,,1,,,,,,,,,
a_pecora,,1,,,,,,,,,,,
pecorina,,1,,,,,,,,,,,
pecorai*,,,,1,,,,,,,,,
pecore,,,,1,,,,,,,,,
pecoreccio,1,,,,,,,,,,,,
pederast*,,,,,,,,,1,,,,
pederastia,1,,,,,,,,,,,,
pederastico,1,,,,,,,,,,,,
pedofil*,,,,1,,,,,,,,,
peli pubici,1,,,,,,,,,,,,
peli_pubici,1,,,,,,,,,,,,
pelo pibico,1,,,,,,,,,,,,
pelo_pibico,1,,,,,,,,,,,,
pelo pubico,1,,,,,,,,,,,,
pelo_pubico,1,,,,,,,,,,,,
il_pene,,1,,,,,,,,,,,
penetrazione anale,1,,,,,,,,,,,,
pennaiol*,,,,1,,,,,,,,,
pennivendol*,,,,1,,,,,,,,,
penos*,,,,1,,,,,,,,,
peripatetica,,,,,,,,,,,1,,
persona andicappata,1,,,,,,,,,,,,
persona handicappata,1,,,,,,,,,,,,
persona stupida,1,,,,,,,,,,,,
perverso,1,,,,,,,,,,,,
pervertitore,1,,,,,,,,,,,,
pervertit*,,,,1,,,,,,,,,
pescivendola,1,,,,,,,,,,,,
pescivendole,1,,,,,,,,,,,,
pescivendoli,1,,,,,,,,,,,,
pescivendolo,1,,,,,,,,,,,,
pestilenziale,,,,,,,1,,,,,,
petecchia,1,,,,,,,,,,,,
pezzente,1,,,,,,,,,,,,
pezzent*,,,,1,,,,,,,,,
piagnone,1,,,,,,,,,,,,
piagnon*,,,,1,,,,,,,,,
piagnucolone,1,,,,,,,,,,,,
piagnucol*,,,,1,,,,,,,,,
piattola,1,,,,,,,,,,,,
piattol*,,,,1,,,,,,,,,
pidocchi,1,,,,,,,,,,,,
pidocchio,1,,,,,,,,,,,,
pidocchioso,1,,,,,,,,,,,,
pidocchi*,,,,1,,,,,,,,,
pippa,,,,1,,,,,,,,,
pippone,,,,1,,,,,,,,,
pippe,,,,1,,,,,,,,,
pirla,1,,,,,,,,,,,,
pirl*,,,,1,,,,,,,,,
pisciat*,,1,,,,,,,,,,,
piscio,,1,,,,,,,,,,,
piscia,,1,,,,,,,,,,,
pisciar*,,1,,,,,,,,,,,
piselli,1,,,,,,,,,,,,
pisello,1,,,,,,,,,,,,
pisellone,1,,,,,,,,,,,,
pisell*,,1,,,,,,,,,,,
polentone,1,,,,,,,,,,,,
polenton*,,,,,,,,,,1,,,
pollo,,,,1,,,,,,,,,
polli,,,,1,,,,,,,,,
una_pompa,,1,,1,,,,,,,,,
le_pompe,,1,,1,,,,,,,,,
pompin*,,1,,,,,,,,,,,
poppante,,,,1,,,,,,,,,
porca,,,,,,,,,,,1,,
porche,,,,,,,,,,,1,,
porcellone,,,,1,,,,,,,,,
porcelli,,,,1,,,,,,,,,
porcello,,,,1,,,,,,,,,
porcellona,,,,,,,,,,,1,,
porco,,,,1,,,,,,,,,
porci,,,,1,,,,,,,,,
portatore-di-handicap,1,,,,,,,,,,,,
postribolo,1,,,,,,,,,,,,
potta,1,,,,,,,,,,,,
poveraccio,1,,,,,,,,,,,,
poveracci*,,,,1,,,,,,,,,
predone,1,,,,,,,,,,,,
predon*,1,,,,,,,,,,,,
prepuzio,1,,,,,,,,,,,,
presuntuoso,1,,,,,,,,,,,,
presunzione,1,,,,,,,,,,,,
prostituta,1,,,,,,,,,,,,
prostitute,1,,,,,,,,,,,,
prostituto,1,,,,,,,,,,,,
prostituzione,,,,1,,,,,,,,,
prostitui*,,,,1,,,,,,,,,
prostitut*,,,,,,,,,,,1,,
pseudo*,,,,1,,,,,,,,,
pube,1,,,,,,,,,,,,
pubic*,1,,,,,,,,,,,,
pulcioso,1,,,,,,,,,,,,
pulcios*,,,,1,,,,,,,,,
pusillanime,1,,,,,,,,,,,,
pusillanimità ,1,,,,,,,,,,,,
puttana,,,,,,,,,,,1,,
puttane,,,,,,,,,,,1,,
puttano,,,,1,,,,,,,,,
puttani,,,,1,,,,,,,,,
puttanat*,,1,,,,,,,,,,,
puttanon*,,,,,,,,,,,1,,
puttanell*,,,,,,,,,,,1,,
puttanazz*,,,,,,,,,,,1,,
puttanacc*,,,,,,,,,,,1,,
puttanaio,,1,,,,,,,,,,,
bottan*,,,,,,,,,,,1,,
puzza,,,,,,,1,,,,,,
puzzo,,,,,,,1,,,,,,
puzzolent*,,,,,,,1,,,,,,
puzzon*,,,,1,,,,,,,,,
puzzoso,1,,,,,,,,,,,,
qualunquismo,1,,,,,,,,,,,,
qualunquista,1,,,,,,,,,,,,
qualunquist*,,,,1,,,,,,,,,
questurino,1,,,,,,,,,,,,
questurin*,,,,1,,,,,,,,,
rabbin*,,,,,,,,,,1,,,
ragliare,1,,,,,,,,,,,,
rammollito,1,,,,,,,,,,,,
rammollit*,,,,1,,,,,,,,,
rancido,1,,,,,,,,,,,,
rancid*,,,,,,,1,,,,,,
rancoroso,1,,,,,,,,,,,,
randagio,1,,,,,,,,,,,,
randagi*,1,,,,,,,,,,,,
rapporto anale,1,,,,,,,,,,,,
ratti,,,,1,,,,,,,,,
ratto,,,,1,,,,,,,,,
reietto,1,,,,,,,,,,,,
reiett*,,,,1,,,,,,,,,
relitt*,,,,1,,,,,,,,,
reprobo,1,,,,,,,,,,,,
repulsione,,,,,,,1,,,,,,
rete fognaria,1,,,,,,,,,,,,
retrogrado,1,,,,,,,,,,,,
retrograd*,1,,,,,,,,,,,,
ricchione,1,,,,,,,,,,,,
ricchion*,,,,,,,,,1,,,,
ricino,,,,,1,,,,,,,,
ridicolaggine,1,,,,,,,,,,,,
ridicol*,,,,1,,,,,,,,,
rimbambinire,1,,,,,,,,,,,,
rimbambire,1,,,,,,,,,,,,
rimbambito,1,,,,,,,,,,,,
rimbambit*,,,,1,,,,,,,,,
rimbecillirsi,1,,,,,,,,,,,,
rimbecillito,1,,,,,,,,,,,,
rimbecillt*,,,,1,,,,,,,,,
rincretinire,1,,,,,,,,,,,,
rincretinit*,,,,1,,,,,,,,,
riprovevole,1,,,,,,,,,,,,
ripugnanza,1,,,,,,,,,,,,
ripugnan*,,,,,,,1,,,,,,
ripulsione,,,,,,,1,,,,,,
ritardato,1,,,,,,,,,,,,
ritardat*,,,,,,,,,,,,,1
robaccia,1,,,,,,,,,,,,
rogn*,1,,,,,,,,,,,,
rom,,,,,,,,,,1,,,
ronalda,,,,,,,,,1,,,,
rottam*,,,,1,,,,,,,,,
rottinculo,1,,,,,,,,,,,,
rottincul*,,,,,,,,,1,,,,
rubare,1,,,,,,,,,,,,
rubato,1,,,,,,,,,,,,
rubentino,,,,,,1,,,,,,,
rubentus,,,,,,1,,,,,,,
ruberia,1,,,,,,,,,,,,
ruberie,1,,,,,,,,,,,,
ruffiana,1,,,,,,,,,,,,
ruffiano,1,,,,,,,,,,,,
ruffian*,,,,1,,,,,,,,,
ruspa,,,,,,,,,,,,,
ruspe,,,,,,,,,,,,,
saccente,1,,,,,,,,,,,,
saccenteria,1,,,,,,,,,,,,
saccentone,1,,,,,,,,,,,,
saccent*,1,,,,,,,,,,,,
saccheggiatore,1,,,,,,,,,,,,
saccheggio,1,,,,,,,,,,,,
sacchegg*,1,,,,,,,,,,,,
sacco,1,,,,,,,,,,,,
saltambanco,1,,,,,,,,,,,,
saltimbanco,,,,1,,,,,,,,,
sanguisuga,,,,1,,,,,,,,,
sanguisughe,,,,1,,,,,,,,,
sapientone,1,,,,,,,,,,,,
sapienton*,,,,1,,,,,,,,,
saputello,1,,,,,,,,,,,,
saputell*,,,,1,,,,,,,,,
sbarbatello,1,,,,,,,,,,,,
sbarbatell*,,,,1,,,,,,,,,
sbarbino,1,,,,,,,,,,,,
sbirro,1,,,,,,,,,,,,
sbirr*,,,,1,,,,,,,,,
sborra,1,,,,,,,,,,,,
sborrare,1,,,,,,,,,,,,
sbor*,,1,,,,,,,,,,,
sbur*,,1,,,,,,,,,,,
sbruffone,1,,,,,,,,,,,,
sbruffon*,,,,1,,,,,,,,,
scalzacane,1,,,,,,,,,,,,
scalzacani,1,,,,,,,,,,,,
scarabocchio,1,,,,,,,,,,,,
scarafaggi,,,,1,,,,,,,,,
scarafaggio,,,,1,,,,,,,,,
scarrafon*,,,,1,,,,,,,,,
scarso,,,,1,,,,,,,,,
scarsi,,,,1,,,,,,,,,
scarsa,,,,1,,,,,,,,,
scarse,,,,1,,,,,,,,,
scarsissim*,,,,1,,,,,,,,,
scarto,1,,,,,,,,,,,,
scellerataggine,1,,,,,,,,,,,,
scelleratezza,1,,,,,,,,,,,,
scellerato,1,,,,,,,,,,,,
scellerat*,1,,,,,,,,,,,,
scemenz*,,,,1,,,,,,,,,
scemo,,,,1,,,,,,,,,
scemi,,,,1,,,,,,,,,
scema,,,,1,,,,,,,,,
sceme,,,,1,,,,,,,,,
scempiaggine,1,,,,,,,,,,,,
scempiataggine,1,,,,,,,,,,,,
schiaff*,,,1,,,,,,,,,,
schiapp*,,,,1,,,,,,,,,
schif*,,,,1,,,1,,,,,,
schizzinoso,1,,,,,,,,,,,,
sciacalli,1,,,,,,,,,,,,
sciacallo,1,,,,,,,,,,,,
sciacall*,,,,1,,,,,,,,,
sciacquetta,1,,,,,,,,,,,,
sciacquett*,,,,,,,,,,,1,,
sciagurato,1,,,,,,,,,,,,
sciancato,,,,,,,,,,,,,1
sciattona,1,,,,,,,,,,,,
sciattone,1,,,,,,,,,,,,
sciatton*,1,,,,,,,,,,,,
scimmia,1,,,,,,,,,,,,
scimmione,1,,,,,,,,,,,,
scimmi*,,,,,,,,,,1,,,
scimunitaggine,1,,,,,,,,,,,,
scimunito,1,,,,,,,,,,,,
scimunit*,,,,1,,,,,,,,,
sciocchezza,1,,,,,,,,,,,,
sciocchezze,1,,,,,,,,,,,,
sciocco,1,,,,,,,,,,,,
scioccone,1,,,,,,,,,,,,
scopare,1,,,,,,,,,,,,
scopata,1,,,,,,,,,,,,
scopat*,,1,,,,,,,,,,,
scopar*,,1,,,,,,,,,,,
scorfano,1,,,,,,,,,,,,
scorfan*,,,,,,,,,,,,1,
scoria,1,,,,,,,,,,,,
scorie,1,,,,,,,,,,,,
screanzato,1,,,,,,,,,,,,
screanzat*,1,,,,,,,,,,,,
scroccone,1,,,,,,,,,,,,
scroccon*,,,,1,,,,,,,,,
scrofa,,,,,,,,,,,1,,
scroto,,1,,,,,,,,,,,
sedere,1,,,,,,,,,,,,
sega,,1,,,,,,,,,,,
segaiolo,,,,1,,,,,,,,,
seghe,,1,,,,,,,,,,,
sempliciotto,1,,,,,,,,,,,,
sempliciott*,1,,,,,,,,,,,,
sensale,1,,,,,,,,,,,,
senza cervelli,1,,,,,,,,,,,,
serpe,,,,1,,,,,,,,,
serpi,,,,1,,,,,,,,,
serpente,1,,,,,,,,,,,,
servilismo,1,,,,,,,,,,,,
servil*,1,,,,,,,,,,,,
servizi sessuali,1,,,,,,,,,,,,
sesso anale,1,,,,,,,,,,,,
sessuali commerciali,1,,,,,,,,,,,,
sessualità  maschile,1,,,,,,,,,,,,
sfaccendato,1,,,,,,,,,,,,
sfaccendat*,1,,,,,,,,,,,,
sfancul*,,1,,,,,,,,,,,
sfigato,1,,,,,,,,,,,,
sfigat*,,,,1,,,,,,,,,
sfottere,1,,,,,,,,,,,,
sfottò,1,,,,,,,,,,,,
sfott*,1,,,,,,,,,,,,
sgorbio,,,,,,,,,,,,1,
sgualdrina,1,,,,,,,,,,,,
sgualdrinetta,1,,,,,,,,,,,,
sgualdrin*,,,,,,,,,,,1,,
slandra,,,,,,,,,,,1,,
sifilitic*,,,,1,,,,,,,,,
sifili*,1,,,,,,,,,,,,
simulatore,,,,,,1,,,,,,,
smargiasso,1,,,,,,,,,,,,
smargiass*,1,,,,,,,,,,,,
sodomia,1,,,,,,,,,,,,
sodomita,1,,,,,,,,,,,,
sodomizzato,1,,,,,,,,,,,,
sodomizzazione,1,,,,,,,,,,,,
sodomi*,,,,,,,,,1,,,,
somari,,,,1,,,,,,,,,
somaro,,,,1,,,,,,,,,
sorca,,1,,,,,,,,,,,
sordido,1,,,,,,,,,,,,
sordid*,1,,,,,,,,,,,,
sozzo,1,,,,,,,,,,,,
sozzi,1,,,,,,,,,,,,
sozzona,1,,,,,,,,,,,,
sozzon*,1,,,,,,,,,,,,
sozzume,1,,,,,,,,,,,,
sozzura,1,,,,,,,,,,,,
spaccone,1,,,,,,,,,,,,
spaccon*,1,,,,,,,,,,,,
spampanare,1,,,,,,,,,,,,
sperma,,1,,,,,,,,,,,
spia,,,,1,,,,,,,,,
spiare,1,,,,,,,,,,,,
spifferone,,,,1,,,,,,,,,
spilorcio,1,,,,,,,,,,,,
spilorc*,,,,1,,,,,,,,,
spione,,,,1,,,,,,,,,
spocchia,1,,,,,,,,,,,,
spocchios*,,,,1,,,,,,,,,
sporcacciona,1,,,,,,,,,,,,
sporcaccione,1,,,,,,,,,,,,
sporcaccion*,,,,1,,,,,,,,,
sporchi,,,,1,,,,,,,,,
sporche,,,,1,,,,,,,,,
sporcizia,1,,,,,,,,,,,,
sporco,1,,,,,,,,,,,,
sporc*,1,,,,,,,,,,,,
spregevole,1,,,,,,,,,,,,
spregevol*,,,,1,,,,,,,,,
sprovveduto,1,,,,,,,,,,,,
squallido,1,,,,,,,,,,,,
squall*,,,,1,,,,,,,,,
squillo,,,,,,,,,,,1,,
sticchio,,,,,,,,,,,1,,
stolto,1,,,,,,,,,,,,
stolt*,,,,1,,,,,,,,,
stomac*,,,,,,,1,,,,,,
storpio,,,,,,,,,,,,,1
storpia,,,,,,,,,,,,,1
storpi,,,,,,,,,,,,,1
storpie,,,,,,,,,,,,,1
stortignaccolo,1,,,,,,,,,,,,
straccione,1,,,,,,,,,,,,
straccion*,,,,1,,,,,,,,,
strega,,,,,,,,,,,1,,
streghe,,,,,,,,,,,1,,
stronza,,,,1,,,,,,,,,
stronze,,,,1,,,,,,,,,
stronzat*,,1,,,,,,,,,,,
stronzo,,,,1,,,,,,,,,
stronzi,,,,1,,,,,,,,,
stupido,1,,,,,,,,,,,,
stupid*,1,,,,,,,,,,,,
stupratore,1,,,,,,,,,,,,
stupr*,,,1,,,,,,,,,,
subdolo,1,,,,,,,,,,,,
subnormale,1,,,,,,,,,,,,
subnormal*,,,,,,,,,,,,,1
sudicio,1,,,,,,,,,,,,
sudicione,1,,,,,,,,,,,,
sudiciume,1,,,,,,,,,,,,
sudici*,,,,1,,,,,,,,,
suini,,,,1,,,,,,,,,
suino,,,,1,,,,,,,,,
supponente,1,,,,,,,,,,,,
supponenza,1,,,,,,,,,,,,
tacere,,,1,,,,,,,,,,
taci,,,1,,,,,,,,,,
tacete,,,1,,,,,,,,,,
tanfata,,,,,,,1,,,,,,
tanfo,,,,,,,1,,,,,,
tanghero,1,,,,,,,,,,,,
tangher*,1,,,,,,,,,,,,
tappo,,,,,,,,,,,,1,
tardo,,,,,,,,,,,,,1
tardobarocco,1,,,,,,,,,,,,
teppa,,,,1,,,,,,,,,
teppaglia,,,,1,,,,,,,,,
teppist*,,,,1,,,,,,,,,
terrone,1,,,,,,,,,,,,
terroni,1,,,,,,,,,,,,
terronia,1,,,,,,,,,,,,
terrorismo,1,,,,,,,,,,,,
terron*,,,,,,,,,,1,,,
testicoli,,1,,,,,,,,,,,
testicolo,,1,,,,,,,,,,,
tetta,,,,,,,,,,,1,,
tette,,,,,,,,,,,1,,
tettona,,,,,,,,,,,1,,
tettone,,,,,,,,,,,1,,
tirchio,1,,,,,,,,,,,,
tirchi*,,,,1,,,,,,,,,
tonto,1,,,,,,,,,,,,
tontolone,1,,,,,,,,,,,,
tont*,,,,1,,,,,,,,,
topa,,,,,,,,,,,1,,
topaia,1,,,,,,,,,,,,
traditore,1,,,,,,,,,,,,
traditor*,,,,1,,,,,,,,,
traditric*,,,,1,,,,,,,,,
travestit*,,,,,,,,,1,,,,
travon*,,,,,,,,,1,,,,
trans,,,,,,,,,1,,,,
transessual*,,,,,,,,,1,,,,
travell*,,,,,,,,,1,,,,
troia,,,,,,,,,,,1,,
troie,,,,,,,,,,,1,,
troiat*,,1,,,,,,,,,,,
troion*,,,,,,,,,,,1,,
troiazz*,,,,,,,,,,,1,,
troiacc*,,,,,,,,,,,1,,
troiai*,,1,,,,,,,,,,,
trombar*,,1,,,,,,,,,,,
trombat*,,1,,,,,,,,,,,
truffaldino,1,,,,,,,,,,,,
truffaldin*,,,,1,,,,,,,,,
tuffator*,,,,,,1,,,,,,,
truffare,1,,,,,,,,,,,,
truffatore,1,,,,,,,,,,,,
truffator*,,,,1,,,,,,,,,
truffatric*,,,,1,,,,,,,,,
vostre_madri,,1,,1,,,,,,,,,
vostre_mamme,,1,,1,,,,,,,,,
vostra_madre,,1,,1,,,,,,,,,
vostra_mamma,,1,,1,,,,,,,,,
tua_madre,,1,,1,,,,,,,,,
tua_mamma,,1,,1,,,,,,,,,
tua_sorella,,1,,1,,,,,,,,,
vostre_sorelle,,1,,1,,,,,,,,,
tuo_padre,,1,,1,,,,,,,,,
tuo_babbo,,1,,1,,,,,,,,,
vostri_padri,,1,,1,,,,,,,,,
vostri_babbi,,1,,1,,,,,,,,,
turlupinare,1,,,,,,,,,,,,
turlupinatore,1,,,,,,,,,,,,
uccelli,1,,,,,,,,,,,,
uccello,,1,,,,,,,,,,,
untume,,,,,,,1,,,,,,
untuoso,1,,,,,,,,,,,,
untuos*,,,,,,,1,,,,,,
vacca,,,,,,,,,,,1,,
vacche,,,,,,,,,,,1,,
vaccina,1,,,,,,,,,,,,
vaffanculo,,1,,1,,,,,,,,,
vagin*,,1,,,,,,,,,,,
vaginale,1,,,,,,,,,,,,
vaiass*,,,,,,,,,,,1,,
vajass*,,,,,,,,,,,1,,
verga,,1,,,,,,,,,,,
vergogna,1,,,,,,,,,,,,
vergogn*,,,,1,,,,,,,,,
verme,,,,1,,,,,,,,,
vermi,,,,1,,,,,,,,,
vibrator*,,1,,,,,,,,,,,
vigliaccata,1,,,,,,,,,,,,
vigliaccheria,1,,,,,,,,,,,,
vigliacco,1,,,,,,,,,,,,
vigliacc*,,,,1,,,,,,,,,
vile,,,,1,,,,,,,,,
vili,,,,1,,,,,,,,,
villano,1,,,,,,,,,,,,
villan*,1,,,,,,,,,,,,
viltà ,1,,,,,,,,,,,,
violentatore,1,,,,,,,,,,,,
violentator*,,,,1,,,,,,,,,
violentatric*,,,,1,,,,,,,,,
ti_violent*,,,1,,,,,,,,,,
vi_violent*,,,1,,,,,,,,,,
la_violent*,,,1,,,,,,,,,,
le_violent*,,,1,,,,,,,,,,
lo_violent*,,,1,,,,,,,,,,
li_violent*,,,1,,,,,,,,,,
gli_violent*,,,1,,,,,,,,,,
voltagabbana,,,,1,,,,,,,,,
vomit*,,,,,,,1,,,,,,
vu_cumpra,,,,,,,,,,1,,,
vucumpra,,,,,,,,,,1,,,
water,1,,,,,,,,,,,,
water-closet,1,,,,,,,,,,,,
wc,1,,,,,,,,,,,,
zappaterra,,,,1,,,,,,,,,
zecca,,,,,1,,,,,,,,
zecche,,,,,1,,,,,,,,
zerbini,,,,1,,,,,,,,,
zerbino,,,,1,,,,,,,,,
zimbello,1,,,,,,,,,,,,
zimbell*,,,,1,,,,,,,,,
zingani,,,,,,,,,,1,,,
zingano,,,,,,,,,,1,,,
zingaresco,1,,,,,,,,,,,,
zingari,1,,,,,,,,,,,,
zingaro,1,,,,,,,,,,,,
zingar*,,,,,,,,,,1,,,
zinne,,,,,,,,,,,1,,
zinna,,,,,,,,,,,1,,
zitto,,,1,,,,,,,,,,
zitta,,,1,,,,,,,,,,
zitti,,,1,,,,,,,,,,
zitte,,,1,,,,,,,,,,
zoccol*,,,,,,,,,,,1,,
zoccolon*,,,,,,,,,,,1,,
zoppo,,,,,,,,,,,,,1
zoppi,,,,,,,,,,,,,1
zoppa,,,,,,,,,,,,,1
zoppe,,,,,,,,,,,,,1
zotico,1,,,,,,,,,,,,
zoticone,1,,,,,,,,,,,,
zotic*,,,,1,,,,,,,,,
zulu,,,,,,,,,,1,,,
zulù,,,,,,,,,,1,,,
nei_forni,,,,,,,,,,1,,,
piddin*,,,,,1,,,,,,,,
sinistroidi,,,,,1,,,,,,,,
buonist*,,,,,1,,,,,,,,
nei_gulag,,,,,1,,,,,,,,
grullin*,,,,,1,,,,,,,,
leghista_di,,,,,1,,,,,,,,
leghista_del,,,,,1,,,,,,,,
juventino_di,,,,,,1,,,,,,,
juventino_del,,,,,,1,,,,,,,
juventini_di,,,,,,1,,,,,,,
juventini_del,,,,,,1,,,,,,,
interista_di,,,,,,1,,,,,,,
interista_del,,,,,,1,,,,,,,
interisti_di,,,,,,1,,,,,,,
interisti_del,,,,,,1,,,,,,,
laziale_di,,,,,,1,,,,,,,
laziale_del,,,,,,1,,,,,,,
laziali_di,,,,,,1,,,,,,,
laziali_del,,,,,,1,,,,,,,
romanista_di,,,,,,1,,,,,,,
romanista_del,,,,,,1,,,,,,,
romanisti_di,,,,,,1,,,,,,,
romanisti_del,,,,,,1,,,,,,,
milanista_di,,,,,,1,,,,,,,
milanista_del,,,,,,1,,,,,,,
milanista_di,,,,,,1,,,,,,,
milanista_del,,,,,,1,,,,,,,